,,,,,,,,,,,,,,,,,
,,SOMEKA INFO LISTS,,,,,,,,,,,,,,,
,,FORTUNE 500 US COMPANIES - 2020 VERSION,,,,,,,,,,_ CLICK TO SEE EXCEL ORG CHART MAKER _ ,,,,,
,,,,,,,,,,,,,,,,,
,DISCLAIMER:,,"This list is officially published by Fortune Magazine. Time Inc. has full rights to sell or distribute the list.
This is a much more limited version of the original data. You can find the full version here: www.fortunedatastore.com
Someka is not associated with Time Inc. nor Fortune Magazine",,,,,,,,,,,,,,
,,,,,,,,,,,,,,,,,
,,,Company Info,,KEY FINANCIALS,,,,,,,,,,,,
,Rank,Company Name,Number of Employees,"Change in 
Rank","Revenues
($millions)","Revenue 
Change","Profits
($millions)","Profit 
Change","Assets
($millions)","Market Value 
As of 3/31/20 ($m)",,,,,,,
,1,Walmart,"2,200,000",-,"$523,964",1.9%,"$14,881.0 ",123.1%,"$236,495","$321,803",,,,,,,
,2,Amazon.com,"798,000",3 ,"$280,522",20.5%,"$11,588.0 ",15.0%,"$225,248","$970,680",,,,,,,
,3,Exxon Mobil,"74,900",-1 ,"$264,938",-8.7%,"$14,340.0 ",-31.2%,"$362,597","$160,696",,,,,,,
,4,Apple,"137,000",-1 ,"$260,174",-2.0%,"$55,256.0 ",-7.2%,"$338,516","$1,112,641",,,,,,,
,5,CVS Health,"290,000",3 ,"$256,776",32.0%,"$6,634.0 ",-,"$222,449","$77,376",,,,,,,
,6,Berkshire Hathaway,"391,500",-2 ,"$254,616",2.7%,"$81,417.0 ",1924.8%,"$817,729","$442,897",,,,,,,
,7,UnitedHealth Group,"325,000",-1 ,"$242,155",7.0%,"$13,839.0 ",15.5%,"$173,889","$236,555",,,,,,,
,8,McKesson,"70,000",-1 ,"$214,319",2.9%,$34.0 ,-49.3%,"$59,672","$21,845",,,,,,,
,9,AT&T,"247,800",-,"$181,193",6.1%,"$13,903.0 ",-28.2%,"$551,669","$209,388",,,,,,,
,10,AmerisourceBergen,"21,500",-,"$179,589",6.9%,$855.4 ,-48.4%,"$39,172","$18,221",,,,,,,
,11,Alphabet,"118,899",4 ,"$161,857",18.3%,"$34,343.0 ",11.7%,"$275,909","$798,905",,,,,,,
,12,Ford Motor,"190,000",-,"$155,900",-2.8%,$47.0 ,-98.7%,"$258,537","$19,151",,,,,,,
,13,Cigna,"73,700",52 ,"$153,566",215.7%,"$5,104.0 ",93.6%,"$155,774","$65,897",,,,,,,
,14,Costco Wholesale,"201,500",-,"$152,703",7.9%,"$3,659.0 ",16.8%,"$45,400","$125,908",,,,,,,
,15,Chevron,"48,200",-4 ,"$146,516",-11.9%,"$2,924.0 ",-80.3%,"$237,428","$136,176",,,,,,,
,16,Cardinal Health,"49,500",-,"$145,534",6.4%,"$1,363.0 ",432.4%,"$40,963","$13,988",,,,,,,
,17,JPMorgan Chase,"256,981",1 ,"$142,422",8.4%,"$36,431.0 ",12.2%,"$2,687,379","$276,750",,,,,,,
,18,General Motors,"164,000",-5 ,"$137,237",-6.7%,"$6,732.0 ",-16.0%,"$228,037","$29,695",,,,,,,
,19,Walgreens Boots Alliance,"287,000",-2 ,"$136,866",4.1%,"$3,982.0 ",-20.7%,"$67,598","$40,528",,,,,,,
,20,Verizon Communications,"135,000",-1 ,"$131,868",0.8%,"$19,265.0 ",24.1%,"$291,727","$222,220",,,,,,,
,21,Microsoft,"144,000",5 ,"$125,843",14.0%,"$39,240.0 ",136.8%,"$286,556","$1,199,550",,,,,,,
,22,Marathon Petroleum,"60,910",9 ,"$124,813",28.5%,"$2,637.0 ",-5.1%,"$98,556","$15,353",,,,,,,
,23,Kroger,"435,000",-3 ,"$122,286",0.9%,"$1,659.0 ",-46.7%,"$45,256","$24,114",,,,,,,
,24,Fannie Mae,"7,500",-2 ,"$120,304",0.2%,"$14,160.0 ",-11.3%,"$3,503,319","$1,841",,,,,,,
,25,Bank of America,"208,131",-,"$113,589",2.7%,"$27,430.0 ",-2.5%,"$2,434,079","$185,227",,,,,,,
,26,Home Depot,"415,700",1 ,"$110,225",1.9%,"$11,242.0 ",1.1%,"$51,236","$200,665",,,,,,,
,27,Phillips 66,"14,500",-4 ,"$109,559",-4.1%,"$3,076.0 ",-45.0%,"$58,720","$23,490",,,,,,,
,28,Comcast,"190,000",4 ,"$108,942",15.3%,"$13,057.0 ",11.3%,"$263,414","$156,533",,,,,,,
,29,Anthem,"70,600",4 ,"$104,213",13.1%,"$4,807.0 ",28.2%,"$77,453","$57,245",,,,,,,
,30,Wells Fargo,"259,800",-1 ,"$103,915",2.8%,"$19,549.0 ",-12.7%,"$1,927,555","$117,366",,,,,,,
,31,Citigroup,"200,000",-1 ,"$103,449",6.5%,"$19,401.0 ",7.5%,"$1,951,158","$88,377",,,,,,,
,32,Valero Energy,"10,222",-8 ,"$102,729",-7.8%,"$2,422.0 ",-22.4%,"$53,864","$18,532",,,,,,,
,33,General Electric,"205,000",-12 ,"$95,214",-20.8%,"-$4,979.0 ",-,"$266,048","$69,406",,,,,,,
,34,Dell Technologies,"165,000",-,"$92,154",1.7%,"$4,616.0 ",-,"$118,861","$29,246",,,,,,,
,35,Johnson & Johnson,"132,200",2 ,"$82,059",0.6%,"$15,119.0 ",-1.2%,"$157,728","$345,705",,,,,,,
,36,State Farm Insurance,"57,672",-,"$79,395",-2.9%,"$5,592.7 ",-36.4%,"$294,823",-,,,,,,,
,37,Target,"368,000",2 ,"$78,112",3.7%,"$3,281.0 ",11.7%,"$42,779","$46,574",,,,,,,
,38,IBM,"383,800",-,"$77,147",-3.1%,"$9,431.0 ",8.1%,"$152,186","$98,551",,,,,,,
,39,Raytheon Technologies,"243,200",7 ,"$77,046",15.9%,"$5,537.0 ",5.1%,"$139,716","$81,705",,,,,,,
,40,Boeing,"161,100",-12 ,"$76,559",-24.3%,-$636.0 ,-106.1%,"$133,625","$84,149",,,,,,,
,41,Freddie Mac,"6,892",-1 ,"$75,125",2.1%,"$7,214.0 ",-21.9%,"$2,203,623",$909,,,,,,,
,42,Centene,"56,600",9 ,"$74,639",24.2%,"$1,321.0 ",46.8%,"$40,994","$34,862",,,,,,,
,43,United Parcel Service,"377,640",-2 ,"$74,094",3.1%,"$4,440.0 ",-7.3%,"$57,857","$80,196",,,,,,,
,44,Lowe's,"260,000",-2 ,"$72,148",1.2%,"$4,281.0 ",85.0%,"$39,471","$64,963",,,,,,,
,45,Intel,"110,800",-2 ,"$71,965",1.6%,"$21,048.0 ",-,"$136,524","$231,662",,,,,,,
,46,Facebook,"44,942",11 ,"$70,697",26.6%,"$18,485.0 ",-16.4%,"$133,376","$475,455",,,,,,,
,47,FedEx,"389,500",-,"$69,693",6.5%,$540.0 ,-88.2%,"$54,403","$31,679",,,,,,,
,48,MetLife,"49,000",-4 ,"$69,620",2.5%,"$5,899.0 ",15.1%,"$740,463","$27,997",,,,,,,
,49,Walt Disney,"223,000",4 ,"$69,570",17.1%,"$11,054.0 ",-12.3%,"$193,984","$174,405",,,,,,,
,50,Procter & Gamble,"97,000",-5 ,"$67,684",1.3%,"$3,897.0 ",-60.0%,"$115,095","$271,640",,,,,,,
,51,PepsiCo,"267,000",-3 ,"$67,161",3.9%,"$7,314.0 ",-41.6%,"$78,547","$166,848",,,,,,,
,52,Humana,"46,000",4 ,"$64,888",14.0%,"$2,707.0 ",60.8%,"$29,074","$41,490",,,,,,,
,53,Prudential Financial,"51,511",-3 ,"$64,807",2.9%,"$4,186.0 ",2.7%,"$896,552","$20,650",,,,,,,
,54,Archer Daniels Midland,"38,100",-5 ,"$64,656",0.5%,"$1,379.0 ",-23.8%,"$43,997","$19,603",,,,,,,
,55,Albertsons,"267,000",-3 ,"$60,535",1.0%,$131.1 ,183.2%,"$20,777",-,,,,,,,
,56,Sysco,"69,000",-2 ,"$60,114",2.4%,"$1,674.3 ",17.0%,"$17,967","$23,203",,,,,,,
,57,Lockheed Martin,"110,000",3 ,"$59,812",11.3%,"$6,230.0 ",23.5%,"$47,528","$95,539",,,,,,,
,58,HP,"56,000",-3 ,"$58,756",0.5%,"$3,152.0 ",-40.8%,"$33,467","$24,821",,,,,,,
,59,Energy Transfer,"12,812",-,"$54,213",-0.4%,"$3,592.0 ",112.0%,"$98,880","$12,374",,,,,,,
,60,Goldman Sachs Group,"38,300",2 ,"$53,922",2.7%,"$8,466.0 ",-19.1%,"$992,968","$55,417",,,,,,,
,61,Morgan Stanley,"60,431",2 ,"$53,823",7.2%,"$9,042.0 ",3.4%,"$895,429","$52,102",,,,,,,
,62,Caterpillar,"102,300",-4 ,"$53,800",-1.7%,"$6,093.0 ",-0.9%,"$78,453","$63,832",,,,,,,
,63,Cisco Systems,"75,900",1 ,"$51,904",5.2%,"$11,621.0 ",10464.5%,"$97,793","$166,709",,,,,,,
,64,Pfizer,"88,300",-3 ,"$51,750",-3.5%,"$16,273.0 ",45.9%,"$167,489","$181,075",,,,,,,
,65,HCA Healthcare,"245,000",2 ,"$51,336",10.0%,"$3,505.0 ",-7.4%,"$45,058","$30,411",,,,,,,
,66,AIG,"46,000",-,"$49,746",5.0%,"$3,348.0 ",-,"$525,064","$20,886",,,,,,,
,67,American Express,"64,500",5 ,"$47,020",8.6%,"$6,759.0 ",-2.3%,"$198,321","$68,983",,,,,,,
,68,Delta Air Lines,"91,224",1 ,"$47,007",5.8%,"$4,767.0 ",21.1%,"$64,532","$18,262",,,,,,,
,69,Merck,"71,000",7 ,"$46,840",10.7%,"$9,843.0 ",58.2%,"$84,397","$195,141",,,,,,,
,70,American Airlines Group,"133,700",-2 ,"$45,768",2.8%,"$1,686.0 ",19.4%,"$59,995","$5,194",,,,,,,
,71,Charter Communications,"95,100",-1 ,"$45,764",4.9%,"$1,668.0 ",35.6%,"$148,188","$111,924",,,,,,,
,72,Allstate,"46,035",10 ,"$44,675",12.2%,"$4,847.0 ",115.2%,"$119,950","$29,071",,,,,,,
,73,New York Life Insurance,"11,519",-2 ,"$44,117",1.6%,"$1,003.8 ",14.1%,"$330,806",-,,,,,,,
,74,Nationwide,"28,114",-1 ,"$43,982",1.6%,$829.7 ,61.9%,"$239,540",-,,,,,,,
,75,Best Buy,"125,000",-1 ,"$43,638",1.8%,"$1,541.0 ",5.3%,"$15,591","$14,647",,,,,,,
,76,United Airlines Holdings,"96,000",2 ,"$43,259",4.7%,"$3,009.0 ",41.3%,"$52,611","$7,823",,,,,,,
,77,Liberty Mutual Insurance Group,"45,000",-2 ,"$43,228",1.3%,"$1,044.0 ",-51.7%,"$133,644",-,,,,,,,
,78,Dow,"36,500",-,"$42,951",-,"-$1,359.0 ",-,"$60,524","$21,716",,,,,,,
,79,Tyson Foods,"141,000",1 ,"$42,405",5.9%,"$2,022.0 ",-33.1%,"$33,097","$21,125",,,,,,,
,80,TJX,"286,000",5 ,"$41,717",7.0%,"$3,272.2 ",6.9%,"$24,145","$57,262",,,,,,,
,81,TIAA,"16,533",-2 ,"$40,454",-1.5%,"$2,460.1 ",57.6%,"$615,042",-,,,,,,,
,82,Oracle,"136,000",-1 ,"$39,506",-0.8%,"$11,083.0 ",189.8%,"$108,709","$152,413",,,,,,,
,83,General Dynamics,"102,900",9 ,"$39,350",8.7%,"$3,484.0 ",4.2%,"$48,841","$38,398",,,,,,,
,84,Deere,"73,489",3 ,"$39,258",5.1%,"$3,253.0 ",37.4%,"$73,011","$43,330",,,,,,,
,85,Nike,"76,700",5 ,"$39,117",7.5%,"$4,029.0 ",108.4%,"$23,717","$128,857",,,,,,,
,86,Progressive,"41,571",13 ,"$39,022",22.0%,"$3,970.3 ",51.8%,"$54,895","$43,218",,,,,,,
,87,Publix Super Markets,"207,000",4 ,"$38,463",5.7%,"$3,005.4 ",26.2%,"$24,507",-,,,,,,,
,88,Coca-Cola,"86,200",12 ,"$37,266",17.0%,"$8,920.0 ",38.6%,"$86,381","$189,983",,,,,,,
,89,Massachusetts Mutual Life Insurance,"9,896",-5 ,"$37,253",-5.1%,"$3,700.7 ",830.1%,"$290,731",-,,,,,,,
,90,Tech Data,"15,000",-2 ,"$36,998",-0.6%,$374.5 ,10.0%,"$13,269","$4,645",,,,,,,
,91,World Fuel Services,"5,500",-8 ,"$36,819",-7.4%,$178.9 ,40.1%,"$5,992","$1,647",,,,,,,
,92,Honeywell International,"113,000",-15 ,"$36,709",-12.2%,"$6,143.0 ",-9.2%,"$58,679","$94,628",,,,,,,
,93,ConocoPhillips,"10,400",-7 ,"$36,670",-5.3%,"$7,189.0 ",14.9%,"$70,514","$33,167",,,,,,,
,94,USAA,"35,076",7 ,"$35,617",13.5%,"$4,006.3 ",74.8%,"$173,733",-,,,,,,,
,95,Exelon,"32,713",-2 ,"$34,438",-4.3%,"$2,936.0 ",46.1%,"$124,977","$35,850",,,,,,,
,96,Northrop Grumman,"90,000",12 ,"$33,841",12.4%,"$2,248.0 ",-30.4%,"$41,089","$50,719",,,,,,,
,97,Capital One Financial,"51,900",1 ,"$33,766",4.3%,"$5,546.0 ",-7.8%,"$390,365","$23,063",,,,,,,
,98,Plains GP Holdings,"5,000",-4 ,"$33,669",-1.1%,$331.0 ,-0.9%,"$29,969","$1,022",,,,,,,
,99,AbbVie,"30,000",-3 ,"$33,266",1.6%,"$7,882.0 ",38.6%,"$89,115","$112,508",,,,,,,
,100,StoneX Group,"2,012",12 ,"$32,897",19.1%,$85.1 ,53.3%,"$9,936",$700,,,,,,,
,101,Enterprise Products Partners,"7,300",-12 ,"$32,789",-10.3%,"$4,591.3 ",10.0%,"$61,733","$31,306",,,,,,,
,102,Northwestern Mutual,"5,964",9 ,"$32,294",10.9%,"$1,268.0 ",61.9%,"$290,318",-,,,,,,,
,103,3M,"96,163",-8 ,"$32,136",-1.9%,"$4,570.0 ",-14.6%,"$44,659","$78,529",,,,,,,
,104,Abbott Laboratories,"107,000",-1 ,"$31,904",4.3%,"$3,687.0 ",55.7%,"$67,887","$139,153",,,,,,,
,105,CHS,"10,703",-8 ,"$31,901",-2.4%,$829.9 ,7.0%,"$16,448",-,,,,,,,
,106,Travelers,"30,800",-,"$31,581",4.3%,"$2,622.0 ",3.9%,"$110,122","$25,337",,,,,,,
,107,Philip Morris International,"73,500",3 ,"$29,805",0.6%,"$7,185.0 ",-9.2%,"$42,875","$113,606",,,,,,,
,108,Raytheon,"70,000",6 ,"$29,176",7.8%,"$3,343.0 ",14.9%,"$34,566","$36,518",,,,,,,
,109,Hewlett Packard Enterprise,"61,600",-7 ,"$29,135",-5.6%,"$1,049.0 ",-45.0%,"$51,803","$12,510",,,,,,,
,110,Arrow Electronics,"19,300",-1 ,"$28,917",-2.6%,-$204.1 ,-128.5%,"$16,401","$4,183",,,,,,,
,111,ViacomCBS,"26,280",106 ,"$27,812",91.6%,"$3,308.0 ",68.8%,"$49,519","$8,798",,,,,,,
,112,Dollar General,"143,000",7 ,"$27,754",8.3%,"$1,712.6 ",7.7%,"$22,825","$38,046",,,,,,,
,113,U.S. Bancorp,"69,651",4 ,"$27,325",6.0%,"$6,914.0 ",-2.6%,"$495,426","$52,408",,,,,,,
,114,Starbucks,"346,000",7 ,"$26,509",7.2%,"$3,599.2 ",-20.3%,"$19,220","$77,179",,,,,,,
,115,Bristol-Myers Squibb,"30,000",23 ,"$26,145",15.9%,"$3,439.0 ",-30.1%,"$129,944","$126,110",,,,,,,
,116,US Foods Holding,"28,000",9 ,"$25,939",7.3%,$385.0 ,-5.4%,"$11,288","$3,898",,,,,,,
,117,Mondelez International,"80,000",-1 ,"$25,868",-0.3%,"$3,870.0 ",14.5%,"$64,549","$71,762",,,,,,,
,118,Paccar,"27,000",12 ,"$25,600",9.0%,"$2,387.9 ",8.8%,"$28,361","$21,175",,,,,,,
,119,Thermo Fisher Scientific,"75,000",5 ,"$25,542",4.9%,"$3,696.0 ",25.8%,"$58,381","$113,108",,,,,,,
,120,Macy's,"123,000",-2 ,"$25,331",-1.6%,$564.0 ,-49.1%,"$21,172","$1,520",,,,,,,
,121,Jabil,"200,000",19 ,"$25,282",14.4%,$287.1 ,232.6%,"$12,971","$3,738",,,,,,,
,122,Kraft Heinz,"37,000",-7 ,"$24,977",-4.9%,"$1,935.0 ",-,"$101,450","$30,226",,,,,,,
,123,Duke Energy,"28,793",3 ,"$24,658",2.2%,"$3,748.0 ",40.6%,"$158,838","$59,368",,,,,,,
,124,Tesla,"48,016",20 ,"$24,578",14.5%,-$862.0 ,-,"$34,309","$96,473",,,,,,,
,125,PBF Energy,"3,442",-12 ,"$24,508",-9.9%,$319.4 ,148.9%,"$9,132",$848,,,,,,,
,126,Qualcomm,"37,000",11 ,"$24,273",7.4%,"$4,386.0 ",-,"$32,957","$77,327",,,,,,,
,127,NGL Energy Partners,"1,300",52 ,"$24,088",39.4%,$360.0 ,-,"$5,903",$334,,,,,,,
,128,CBRE Group,"100,000",18 ,"$23,894",12.0%,"$1,282.4 ",20.6%,"$16,197","$12,625",,,,,,,
,129,Baker Hughes,"68,000",-,"$23,838",4.2%,$128.0 ,-34.4%,"$53,369","$10,827",,,,,,,
,130,Synnex,"240,900",28 ,"$23,757",18.5%,$500.7 ,66.6%,"$11,698","$3,719",,,,,,,
,131,Dollar Tree,"125,000",4 ,"$23,611",3.5%,$827.0 ,-,"$19,575","$17,399",,,,,,,
,132,Cummins,"61,615",-4 ,"$23,571",-0.8%,"$2,260.0 ",5.6%,"$19,737","$20,044",,,,,,,
,133,United Natural Foods,"19,000",177 ,"$23,481",129.6%,-$285.0 ,-272.0%,"$7,181",$492,,,,,,,
,134,Micron Technology,"37,000",-29 ,"$23,406",-23.0%,"$6,313.0 ",-55.3%,"$48,887","$46,779",,,,,,,
,135,Amgen,"23,400",-6 ,"$23,362",-1.6%,"$7,842.0 ",-6.6%,"$59,707","$119,572",,,,,,,
,136,Penske Automotive Group,"26,980",-,"$23,179",1.7%,$435.8 ,-7.5%,"$13,943","$2,265",,,,,,,
,137,Visa,"19,500",16 ,"$22,977",11.5%,"$12,080.0 ",17.3%,"$72,574","$316,199",,,,,,,
,138,Broadcom,"19,000",12 ,"$22,597",8.4%,"$2,724.0 ",-77.8%,"$67,493","$94,791",,,,,,,
,139,Nucor,"26,800",-19 ,"$22,589",-9.9%,"$1,271.1 ",-46.2%,"$18,345","$10,847",,,,,,,
,140,Gilead Sciences,"11,800",-1 ,"$22,449",1.5%,"$5,386.0 ",-1.3%,"$61,627","$94,124",,,,,,,
,141,Southwest Airlines,"60,767",1 ,"$22,428",2.1%,"$2,300.0 ",-6.7%,"$25,895","$18,421",,,,,,,
,142,Halliburton,"55,000",-15 ,"$22,408",-6.6%,"-$1,131.0 ",-168.3%,"$25,377","$6,027",,,,,,,
,143,CenturyLink,"42,500",-11 ,"$22,401",-4.4%,"-$5,269.0 ",-,"$64,742","$10,307",,,,,,,
,144,International Paper,"51,000",-11 ,"$22,376",-4.0%,"$1,225.0 ",-39.1%,"$33,471","$12,207",,,,,,,
,145,Eli Lilly,"33,625",-22 ,"$22,320",-9.1%,"$8,318.4 ",157.4%,"$39,286","$132,760",,,,,,,
,146,Aflac,"11,729",-3 ,"$22,307",2.5%,"$3,304.0 ",13.2%,"$152,768","$24,739",,,,,,,
,147,Lennar,"10,106",7 ,"$22,260",8.2%,"$1,849.1 ",9.0%,"$29,360","$11,591",,,,,,,
,148,Occidental Petroleum,"14,400",19 ,"$21,971",16.0%,-$667.0 ,-116.1%,"$109,330","$10,367",,,,,,,
,149,Union Pacific,"37,483",-15 ,"$21,708",-4.9%,"$5,919.0 ",-0.8%,"$61,673","$97,355",,,,,,,
,150,Rite Aid,"42,645",-43 ,"$21,674",-28.3%,-$422.2 ,-144.8%,"$7,591",$822,,,,,,,
,151,PNC Financial Services Group,"50,968",8 ,"$21,624",8.2%,"$5,369.0 ",1.3%,"$410,295","$41,038",,,,,,,
,152,DuPont,"35,000",-117 ,"$21,512",-75.0%,$498.0 ,-87.0%,"$69,396","$25,213",,,,,,,
,153,Southern,"27,943",-22 ,"$21,419",-8.8%,"$4,739.0 ",112.9%,"$118,700","$57,076",,,,,,,
,154,AutoNation,"25,000",-9 ,"$21,336",-0.4%,$450.0 ,13.6%,"$10,543","$2,511",,,,,,,
,155,DXC Technology,"130,000",-33 ,"$21,184",-13.7%,"$1,257.0 ",-28.2%,"$29,574","$3,311",,,,,,,
,156,McDonald's,"205,000",-7 ,"$21,077",0.2%,"$6,025.4 ",1.7%,"$47,511","$123,260",,,,,,,
,157,Marriott International,"174,000",-6 ,"$20,972",1.0%,"$1,273.0 ",-33.2%,"$25,051","$24,255",,,,,,,
,158,ManpowerGroup,"28,000",-17 ,"$20,864",-5.1%,$465.7 ,-16.3%,"$9,224","$3,109",,,,,,,
,159,Bank of New York Mellon,"48,400",4 ,"$20,822",8.4%,"$4,441.0 ",4.1%,"$381,508","$29,809",,,,,,,
,160,Hartford Financial Services Group,"19,500",1 ,"$20,740",4.6%,"$2,085.0 ",15.4%,"$70,817","$12,625",,,,,,,
,161,Danaher,"60,000",-1 ,"$20,521",3.2%,"$3,008.2 ",13.5%,"$62,082","$96,457",,,,,,,
,162,Whirlpool,"77,000",-14 ,"$20,419",-2.9%,"$1,184.0 ",-,"$18,881","$5,378",,,,,,,
,163,AECOM,"86,000",-6 ,"$20,173",0.1%,-$261.1 ,-291.3%,"$14,462","$4,735",,,,,,,
,164,Netflix,"8,600",33 ,"$20,156",27.6%,"$1,866.9 ",54.1%,"$33,976","$164,772",,,,,,,
,165,Kohl's,"79,500",-9 ,"$19,974",-1.3%,$691.0 ,-13.7%,"$14,555","$2,265",,,,,,,
,166,Lear,"164,100",-19 ,"$19,810",-6.3%,$753.6 ,-34.5%,"$12,681","$4,913",,,,,,,
,167,Altria Group,"7,300",-5 ,"$19,796",0.9%,"-$1,293.0 ",-118.6%,"$49,271","$71,863",,,,,,,
,168,Performance Food Group,"18,000",8 ,"$19,744",12.1%,$166.8 ,-16.1%,"$4,654","$2,897",,,,,,,
,169,Avnet,"15,500",-4 ,"$19,519",2.5%,$176.3 ,-,"$8,565","$2,506",,,,,,,
,170,Synchrony Financial,"16,500",3 ,"$19,461",6.6%,"$3,747.0 ",34.3%,"$104,826","$9,871",,,,,,,
,171,Genuine Parts,"55,000",-2 ,"$19,392",3.5%,$621.1 ,-23.4%,"$14,646","$9,789",,,,,,,
,172,NextEra Energy,"14,800",12 ,"$19,204",14.8%,"$3,769.0 ",-43.2%,"$117,691","$117,655",,,,,,,
,173,CarMax,"25,946",1 ,"$19,146",6.5%,$842.4 ,26.8%,"$18,718","$8,795",,,,,,,
,174,Tenet Healthcare,"101,104",-2 ,"$18,479",0.9%,-$232.0 ,-309.0%,"$23,351","$1,502",,,,,,,
,175,Kimberly-Clark,"40,000",-4 ,"$18,450",-0.2%,"$2,157.0 ",53.0%,"$15,283","$43,663",,,,,,,
,176,Emerson Electric,"88,000",2 ,"$18,372",5.5%,"$2,306.0 ",4.7%,"$20,497","$29,154",,,,,,,
,177,WestRock,"51,100",13 ,"$18,289",12.3%,$862.9 ,-54.7%,"$30,157","$7,304",,,,,,,
,178,CDW,"9,900",13 ,"$18,032",11.0%,$736.8 ,14.6%,"$7,999","$13,316",,,,,,,
,179,Jones Lang LaSalle,"93,400",10 ,"$17,983",10.2%,$535.3 ,10.5%,"$13,673","$5,207",,,,,,,
,180,Sherwin-Williams,"61,111",-3 ,"$17,901",2.1%,"$1,541.3 ",39.0%,"$20,496","$42,186",,,,,,,
,181,Fluor,"53,349",-17 ,"$17,817",-7.0%,"-$1,305.0 ",-680.4%,"$7,884",$969,,,,,,,
,182,PayPal Holdings,"23,200",22 ,"$17,772",15.0%,"$2,459.0 ",19.5%,"$51,333","$112,299",,,,,,,
,183,D.R. Horton,"8,916",11 ,"$17,593",9.5%,"$1,618.5 ",10.8%,"$15,607","$12,456",,,,,,,
,184,HollyFrontier,"4,074",-9 ,"$17,487",-1.3%,$772.4 ,-29.7%,"$12,165","$3,968",,,,,,,
,185,Tenneco,"78,000",82 ,"$17,450",48.3%,-$334.0 ,-707.3%,"$13,226",$292,,,,,,,
,186,EOG Resources,"2,900",-5 ,"$17,380",0.6%,"$2,734.9 ",-20.0%,"$37,125","$20,907",,,,,,,
,187,Becton Dickinson,"70,093",8 ,"$17,290",8.2%,"$1,233.0 ",296.5%,"$51,765","$62,308",,,,,,,
,188,Lincoln National,"11,357",-1 ,"$17,258",5.1%,$886.0 ,-46.0%,"$334,761","$5,142",,,,,,,
,189,PG&E,"23,000",-6 ,"$17,129",2.2%,"-$7,656.0 ",-,"$85,196","$4,763",,,,,,,
,190,salesforce.com,"49,000",50 ,"$17,098",28.7%,$126.0 ,-88.6%,"$55,126","$128,862",,,,,,,
,191,Mastercard,"18,600",19 ,"$16,883",12.9%,"$8,118.0 ",38.6%,"$29,236","$242,794",,,,,,,
,192,General Mills,"40,000",8 ,"$16,865",7.1%,"$1,752.7 ",-17.8%,"$30,111","$31,986",,,,,,,
,193,Molina Healthcare,"10,000",-25 ,"$16,829",-10.9%,$737.0 ,4.2%,"$6,787","$8,501",,,,,,,
,194,Cognizant Technology Solutions,"292,500",-1 ,"$16,783",4.1%,"$1,842.0 ",-12.3%,"$16,204","$25,495",,,,,,,
,195,Marsh & McLennan,"76,000",15 ,"$16,652",11.4%,"$1,742.0 ",5.6%,"$31,357","$43,567",,,,,,,
,196,XPO Logistics,"100,000",-16 ,"$16,648",-3.7%,$419.0 ,-0.7%,"$14,128","$4,502",,,,,,,
,197,Dominion Energy,"19,100",41 ,"$16,572",24.0%,"$1,358.0 ",-44.5%,"$103,823","$60,515",,,,,,,
,198,Western Digital,"61,800",-46 ,"$16,569",-19.8%,-$754.0 ,-211.7%,"$26,370","$12,442",,,,,,,
,199,Gap,"129,000",-13 ,"$16,383",-1.2%,$351.0 ,-65.0%,"$13,679","$2,614",,,,,,,
,200,Aramark,"233,400",-2 ,"$16,227",2.8%,$448.5 ,-21.0%,"$13,736","$5,038",,,,,,,
,201,Principal Financial,"17,601",18 ,"$16,222",13.9%,"$1,394.2 ",-9.8%,"$276,088","$8,609",,,,,,,
,202,Ross Stores,"92,500",7 ,"$16,039",7.0%,"$1,660.9 ",4.6%,"$9,348","$30,952",,,,,,,
,203,Colgate-Palmolive,"34,300",-1 ,"$15,693",1.0%,"$2,367.0 ",-1.4%,"$15,034","$56,900",,,,,,,
,204,American Electric Power,"17,408",-12 ,"$15,561",-3.9%,"$1,921.1 ",-0.1%,"$75,892","$39,577",,,,,,,
,205,Nordstrom,"75,000",-9 ,"$15,524",-2.1%,$496.0 ,-12.1%,"$9,737","$2,398",,,,,,,
,206,Jacobs Engineering Group,"50,000",2 ,"$15,464",3.2%,$848.0 ,418.9%,"$11,463","$10,547",,,,,,,
,207,Waste Management,"44,900",6 ,"$15,455",3.6%,"$1,670.0 ",-13.2%,"$27,743","$39,211",,,,,,,
,208,C.H. Robinson Worldwide,"15,427",-23 ,"$15,310",-7.9%,$577.0 ,-13.2%,"$4,641","$8,695",,,,,,,
,209,PPG Industries,"47,600",-4 ,"$15,146",-1.5%,"$1,243.0 ",-7.3%,"$17,708","$19,722",,,,,,,
,210,Booking Holdings,"26,400",6 ,"$15,066",3.7%,"$4,865.0 ",21.7%,"$21,402","$55,241",,,,,,,
,211,Omnicom Group,"70,000",-5 ,"$14,954",-2.2%,"$1,339.1 ",1.0%,"$26,783","$11,906",,,,,,,
,212,Loews,"18,605",14 ,"$14,931",6.1%,$932.0 ,46.5%,"$82,243","$10,023",,,,,,,
,213,Ecolab,"50,200",2 ,"$14,906",1.6%,"$1,558.9 ",9.1%,"$20,869","$45,061",,,,,,,
,214,Stryker,"40,000",19 ,"$14,884",9.4%,"$2,083.0 ",-41.4%,"$30,167","$62,405",,,,,,,
,215,Estee Lauder,"48,000",16 ,"$14,863",8.6%,"$1,785.0 ",61.1%,"$13,156","$57,289",,,,,,,
,216,Goodyear Tire & Rubber,"63,000",-13 ,"$14,745",-4.7%,-$311.0 ,-144.9%,"$17,185","$1,354",,,,,,,
,217,Truist Financial,"59,000",29 ,"$14,664",12.8%,"$3,224.0 ",-0.4%,"$473,078","$41,480",,,,,,,
,218,Applied Materials,"22,000",-36 ,"$14,608",-15.3%,"$2,706.0 ",-18.3%,"$19,024","$42,077",,,,,,,
,219,BlackRock,"16,200",2 ,"$14,539",2.4%,"$4,476.0 ",4.0%,"$168,622","$68,120",,,,,,,
,220,Stanley Black & Decker,"59,438",8 ,"$14,442",3.3%,$955.8 ,57.9%,"$20,597","$15,403",,,,,,,
,221,Freeport-McMoRan,"27,500",-51 ,"$14,402",-22.7%,-$239.0 ,-109.2%,"$40,809","$9,794",,,,,,,
,222,Texas Instruments,"29,768",-23 ,"$14,383",-8.9%,"$5,017.0 ",-10.1%,"$18,018","$93,303",,,,,,,
,223,Biogen,"7,400",12 ,"$14,378",6.9%,"$5,888.5 ",32.9%,"$27,234","$55,070",,,,,,,
,224,Parker-Hannifin,"55,610",-6 ,"$14,320",0.1%,"$1,512.4 ",42.6%,"$17,577","$16,653",,,,,,,
,225,Reinsurance Group of America,"3,188",26 ,"$14,300",11.1%,$870.0 ,21.5%,"$76,731","$5,186",,,,,,,
,226,Howmet Aerospace,"41,700",1 ,"$14,192",1.3%,$470.0 ,-26.8%,"$17,578","$7,001",,,,,,,
,227,Automatic Data Processing,"58,000",12 ,"$14,175",6.4%,"$2,292.8 ",41.5%,"$41,888","$59,012",,,,,,,
,228,Uber Technologies,"26,900",-,"$14,147",25.5%,"-$8,506.0 ",-953.2%,"$31,761","$48,226",,,,,,,
,229,Illinois Tool Works,"45,000",-15 ,"$14,109",-4.5%,"$2,521.0 ",-1.6%,"$15,068","$45,126",,,,,,,
,230,DaVita,"65,000",-42 ,"$14,102",-13.9%,$811.0 ,408.8%,"$17,311","$9,553",,,,,,,
,231,Discover Financial Services,"17,200",22 ,"$13,989",8.9%,"$2,957.0 ",7.8%,"$113,996","$10,924",,,,,,,
,232,Land O'Lakes,"8,000",-20 ,"$13,888",-7.0%,$205.9 ,-19.1%,"$8,899",-,,,,,,,
,233,VF,"75,000",19 ,"$13,871",7.8%,"$1,259.8 ",91.3%,"$10,357","$21,347",,,,,,,
,234,Corteva,"21,000",-,"$13,846",-,-$959.0 ,-,"$42,397","$17,608",,,,,,,
,235,Las Vegas Sands,"50,000",-5 ,"$13,739",0.1%,"$2,698.0 ",11.8%,"$23,199","$32,434",,,,,,,
,236,Textron,"35,000",-7 ,"$13,630",-2.4%,$815.0 ,-33.3%,"$15,018","$6,071",,,,,,,
,237,Kellogg,"31,000",-3 ,"$13,578",0.2%,$960.0 ,-28.1%,"$17,564","$20,547",,,,,,,
,238,Guardian Life Ins. Co. of America,"9,032",6 ,"$13,477",3.5%,$679.8 ,46.2%,"$79,388",-,,,,,,,
,239,Qurate Retail,"25,314",-14 ,"$13,458",-4.3%,-$456.0 ,-149.8%,"$17,305","$2,540",,,,,,,
,240,Core-Mark Holding,"8,555",10 ,"$13,329",3.3%,$57.7 ,26.8%,"$1,898","$1,295",,,,,,,
,241,Community Health Systems,"71,500",-18 ,"$13,210",-6.7%,-$675.0 ,-,"$15,609",$394,,,,,,,
,242,Kinder Morgan,"11,086",-18 ,"$13,209",-6.6%,"$2,190.0 ",36.1%,"$74,157","$31,530",,,,,,,
,243,BJ's Wholesale Club,"27,231",2 ,"$13,191",1.4%,$187.2 ,47.1%,"$5,270","$3,496",,,,,,,
,244,State Street,"39,103",3 ,"$13,131",1.2%,"$2,242.0 ",-13.7%,"$245,610","$18,876",,,,,,,
,245,Ameriprise Financial,"12,500",4 ,"$13,103",1.4%,"$1,893.0 ",-9.8%,"$151,828","$12,602",,,,,,,
,246,Global Partners,"3,860",8 ,"$13,082",3.2%,$35.9 ,-65.5%,"$2,808",$300,,,,,,,
,247,United States Steel,"27,500",-25 ,"$12,937",-8.8%,-$630.0 ,-156.5%,"$11,608","$1,074",,,,,,,
,248,L Brands,"59,950",-7 ,"$12,914",-2.4%,-$366.4 ,-156.9%,"$10,125","$3,197",,,,,,,
,249,MGM Resorts International,"72,000",17 ,"$12,900",9.7%,"$2,049.1 ",339.0%,"$33,876","$5,814",,,,,,,
,250,L3Harris Technologies,"50,000",224 ,"$12,856",108.0%,"$1,333.0 ",85.7%,"$38,336","$39,067",,,,,,,
,251,DISH Network,"16,000",-19 ,"$12,808",-6.0%,"$1,399.5 ",-11.1%,"$33,231","$10,456",,,,,,,
,252,Lithia Motors,"14,320",13 ,"$12,673",7.2%,$271.5 ,2.2%,"$6,084","$1,910",,,,,,,
,253,DTE Energy,"10,700",-33 ,"$12,669",-10.9%,"$1,169.0 ",4.4%,"$41,882","$18,290",,,,,,,
,254,American Family Insurance Group,"13,531",52 ,"$12,633",22.2%,$455.9 ,54.4%,"$31,124",-,,,,,,,
,255,Farmers Insurance Exchange,"10,980",15 ,"$12,593",8.1%,$55.3 ,-,"$17,457",-,,,,,,,
,256,Consolidated Edison,"14,890",3 ,"$12,574",1.9%,"$1,343.0 ",-2.8%,"$58,079","$26,035",,,,,,,
,257,LKQ,"51,000",5 ,"$12,506",5.3%,$541.3 ,12.7%,"$12,780","$6,311",,,,,,,
,258,Sempra Energy,"13,969",11 ,"$12,443",6.5%,"$2,197.0 ",109.4%,"$65,665","$33,037",,,,,,,
,259,Edison International,"12,937",-4 ,"$12,347",-2.4%,"$1,284.0 ",-,"$64,382","$19,868",,,,,,,
,260,CenterPoint Energy,"14,262",39 ,"$12,301",16.2%,$791.0 ,114.9%,"$35,439","$7,765",,,,,,,
,261,Quanta Services,"40,300",22 ,"$12,112",8.4%,$402.0 ,37.1%,"$8,332","$4,537",,,,,,,
,262,Murphy USA,"7,250",-5 ,"$12,101",-3.4%,$154.8 ,-27.5%,"$2,687","$2,557",,,,,,,
,263,Expedia Group,"25,400",17 ,"$12,067",7.5%,$565.0 ,39.2%,"$21,416","$7,877",,,,,,,
,264,Group 1 Automotive,"15,296",8 ,"$12,044",3.8%,$174.0 ,10.3%,"$5,570",$813,,,,,,,
,265,Bed Bath & Beyond,"62,000",-7 ,"$12,029",-2.6%,-$137.2 ,-132.3%,"$6,571",$535,,,,,,,
,266,Unum Group,"10,300",7 ,"$11,999",3.5%,"$1,100.3 ",110.2%,"$67,013","$3,047",,,,,,,
,267,CSX,"20,908",-7 ,"$11,937",-2.6%,"$3,331.0 ",0.7%,"$38,257","$44,162",,,,,,,
,268,AutoZone,"75,840",13 ,"$11,864",5.7%,"$1,617.2 ",20.9%,"$9,896","$19,756",,,,,,,
,269,Pacific Life,"3,815",29 ,"$11,847",10.7%,$725.0 ,-20.6%,"$171,473",-,,,,,,,
,270,Vistra Energy,"5,475",67 ,"$11,809",29.1%,$928.0 ,-,"$26,616","$7,795",,,,,,,
,271,Charles Schwab,"19,700",18 ,"$11,785",7.2%,"$3,704.0 ",5.6%,"$294,005","$43,278",,,,,,,
,272,Crown Holdings,"33,043",12 ,"$11,665",4.6%,$510.0 ,16.2%,"$15,505","$7,876",,,,,,,
,273,Ally Financial,"8,700",30 ,"$11,618",11.0%,"$1,715.0 ",35.8%,"$180,644","$5,403",,,,,,,
,274,Laboratory Corp. of America,"65,000",4 ,"$11,555",2.0%,$823.8 ,-6.8%,"$18,046","$12,298",,,,,,,
,275,Live Nation Entertainment,"18,200",17 ,"$11,548",7.0%,$69.9 ,16.0%,"$10,976","$9,753",,,,,,,
,276,Xcel Energy,"11,295",-2 ,"$11,529",-0.1%,"$1,372.0 ",8.8%,"$50,448","$31,638",,,,,,,
,277,Corning,"49,500",2 ,"$11,503",1.9%,$960.0 ,-9.9%,"$28,898","$15,664",,,,,,,
,278,W.W. Grainger,"24,550",4 ,"$11,486",2.4%,$849.0 ,8.6%,"$6,005","$13,338",,,,,,,
,279,Ball,"18,300",-8 ,"$11,474",-1.4%,$566.0 ,24.7%,"$17,360","$21,065",,,,,,,
,280,Fox,"7,700",-,"$11,389",-,"$1,595.0 ",-,"$19,509","$14,143",,,,,,,
,281,Universal Health Services,"79,050",12 ,"$11,378",5.6%,$814.9 ,4.5%,"$11,668","$8,593",,,,,,,
,282,Baxter International,"50,000",4 ,"$11,362",2.4%,"$1,001.0 ",-35.3%,"$18,193","$41,180",,,,,,,
,283,Norfolk Southern,"24,587",-6 ,"$11,296",-1.4%,"$2,722.0 ",2.1%,"$37,923","$37,537",,,,,,,
,284,Navistar International,"12,300",24 ,"$11,251",9.8%,$221.0 ,-35.0%,"$6,917","$1,641",,,,,,,
,285,Adobe,"22,634",54 ,"$11,171",23.7%,"$2,951.5 ",13.9%,"$20,762","$153,328",,,,,,,
,286,J.C. Penney,"90,000",-25 ,"$11,167",-7.1%,-$268.0 ,-,"$7,989",$116,,,,,,,
,287,Discovery,"9,200",13 ,"$11,144",5.6%,"$2,069.0 ",248.3%,"$33,735","$9,503",,,,,,,
,288,Keurig Dr Pepper,"25,500",121 ,"$11,120",49.4%,"$1,254.0 ",114.0%,"$49,518","$34,148",,,,,,,
,289,Leidos Holdings,"34,000",22 ,"$11,094",8.8%,$667.0 ,14.8%,"$9,367","$13,000",,,,,,,
,290,IQVIA Holdings,"67,000",15 ,"$11,088",6.5%,$191.0 ,-26.3%,"$23,251","$20,797",,,,,,,
,291,Reliance Steel & Aluminum,"15,300",-16 ,"$10,974",-4.9%,$701.5 ,10.7%,"$8,131","$5,856",,,,,,,
,292,Nvidia,"13,775",-24 ,"$10,918",-6.8%,"$2,796.0 ",-32.5%,"$17,315","$161,451",,,,,,,
,293,Entergy,"13,635",-5 ,"$10,879",-1.2%,"$1,241.2 ",46.3%,"$51,724","$18,871",,,,,,,
,294,FirstEnergy,"12,316",-31 ,"$10,850",-8.5%,$912.0 ,-32.3%,"$42,301","$21,666",,,,,,,
,295,eBay,"13,300",-,"$10,800",0.5%,"$1,786.0 ",-29.4%,"$18,174","$23,930",,,,,,,
,296,Boston Scientific,"36,000",23 ,"$10,735",9.3%,"$4,700.0 ",181.3%,"$30,565","$45,656",,,,,,,
,297,Office Depot,"40,000",-12 ,"$10,647",-4.3%,$99.0 ,-4.8%,"$7,311",$868,,,,,,,
,298,Molson Coors Beverage,"17,700",-4 ,"$10,579",-1.8%,$241.7 ,-78.4%,"$28,860","$8,441",,,,,,,
,299,Steel Dynamics,"8,385",-35 ,"$10,465",-11.5%,$671.1 ,-46.7%,"$8,276","$4,794",,,,,,,
,300,Mutual of Omaha Insurance,"6,072",36 ,"$10,456",11.9%,$271.5 ,-2.1%,"$50,174",-,,,,,,,
,301,Sonic Automotive,"9,300",15 ,"$10,454",5.1%,$144.1 ,179.1%,"$4,071",$567,,,,,,,
,302,Alcoa,"13,800",-66 ,"$10,433",-22.2%,"-$1,125.0 ",-595.6%,"$14,631","$1,145",,,,,,,
,303,Fidelity National Information Services,"55,000",58 ,"$10,333",22.7%,$298.0 ,-64.8%,"$83,806","$74,969",,,,,,,
,304,Henry Schein,"19,000",-62 ,"$10,305",-21.9%,$694.7 ,29.6%,"$7,151","$7,244",,,,,,,
,305,Republic Services,"36,000",9 ,"$10,299",2.6%,"$1,073.3 ",3.5%,"$22,684","$23,956",,,,,,,
,306,Liberty Media,"6,753",74 ,"$10,292",28.0%,$106.0 ,-80.0%,"$44,189","$9,972",,,,,,,
,307,Peter Kiewit Sons',"23,000",33 ,"$10,283",13.9%,$419.0 ,-10.5%,"$5,717",-,,,,,,,
,308,Interpublic Group,"54,300",14 ,"$10,221",5.2%,$656.0 ,6.0%,"$17,752","$6,279",,,,,,,
,309,PulteGroup,"5,245",3 ,"$10,213",0.2%,"$1,016.7 ",-0.5%,"$10,716","$6,015",,,,,,,
,310,AES,"8,000",-14 ,"$10,189",-5.1%,$303.0 ,-74.8%,"$33,648","$9,041",,,,,,,
,311,Fiserv,"44,000",177 ,"$10,187",74.9%,$893.0 ,-24.8%,"$77,539","$64,508",,,,,,,
,312,BorgWarner,"29,000",-11 ,"$10,168",-3.4%,$746.0 ,-19.8%,"$9,702","$5,037",,,,,,,
,313,Oneok,"2,882",-57 ,"$10,164",-19.3%,"$1,278.6 ",11.0%,"$21,812","$9,015",,,,,,,
,314,O'Reilly Automotive,"67,663",15 ,"$10,150",6.4%,"$1,391.0 ",5.0%,"$10,717","$22,353",,,,,,,
,315,Assurant,"13,900",63 ,"$10,087",25.2%,$382.6 ,52.4%,"$44,291","$6,218",,,,,,,
,316,Newell Brands,"30,000",-73 ,"$10,083",-22.6%,$106.6 ,-,"$15,642","$5,949",,,,,,,
,317,Public Service Enterprise Group,"12,992",6 ,"$10,076",3.9%,"$1,693.0 ",17.7%,"$47,730","$22,685",,,,,,,
,318,News Corp.,"28,000",23 ,"$10,074",11.6%,$155.0 ,-,"$15,711","$5,280",,,,,,,
,319,Calpine,"2,256",11 ,"$10,072",5.9%,$770.0 ,7600.0%,"$16,649",-,,,,,,,
,320,Auto-Owners Insurance,"6,141",62 ,"$10,007",25.1%,"$1,352.4 ",79.2%,"$27,135",-,,,,,,,
,321,Mohawk Industries,"41,800",-6 ,"$9,971",-0.1%,$744.2 ,-13.6%,"$13,387","$5,464",,,,,,,
,322,PVH,"30,750",2 ,"$9,909",2.6%,$417.3 ,-44.1%,"$13,631","$2,746",,,,,,,
,322,Campbell Soup,"19,000",27 ,"$9,909",14.1%,$211.0 ,-19.2%,"$13,148","$13,929",,,,,,,
,324,NRG Energy,"4,577",-33 ,"$9,871",-8.6%,"$4,438.0 ",1556.0%,"$12,531","$6,830",,,,,,,
,325,Fifth Third Bancorp,"19,869",59 ,"$9,790",22.8%,"$2,512.0 ",14.5%,"$169,369","$10,560",,,,,,,
,326,Hertz Global Holdings,"38,000",5 ,"$9,779",2.9%,-$58.0 ,-,"$24,627",$878,,,,,,,
,327,Altice USA,"10,700",-,"$9,761",2.0%,$138.9 ,637.7%,"$34,108","$14,110",,,,,,,
,328,Newmont,"16,600",91 ,"$9,740",34.3%,"$2,805.0 ",722.6%,"$39,974","$36,577",,,,,,,
,329,Cheniere Energy,"1,530",54 ,"$9,730",21.8%,$648.0 ,37.6%,"$35,492","$8,512",,,,,,,
,330,Advance Auto Parts,"53,000",-4 ,"$9,709",1.3%,$486.9 ,14.9%,"$11,249","$6,461",,,,,,,
,331,Lam Research,"10,700",-44 ,"$9,654",-12.9%,"$2,191.4 ",-7.9%,"$12,001","$34,932",,,,,,,
,332,Owens & Minor,"15,400",-15 ,"$9,650",-1.9%,-$62.4 ,-,"$3,643",$577,,,,,,,
,333,Equitable Holdings,"10,100",-,"$9,591",-20.6%,"-$1,733.0 ",-195.2%,"$249,870","$6,707",,,,,,,
,334,Conagra Brands,"18,000",52 ,"$9,538",20.2%,$678.3 ,-16.1%,"$22,214","$14,291",,,,,,,
,335,Markel,"18,600",106 ,"$9,526",39.2%,"$1,790.5 ",-,"$37,474","$12,787",,,,,,,
,336,Jones Financial (Edward Jones),"49,000",20 ,"$9,526",10.8%,"$1,092.0 ",10.3%,"$19,317",-,,,,,,,
,337,Hormel Foods,"18,800",-9 ,"$9,497",-0.5%,$978.8 ,-3.3%,"$8,109","$25,082",,,,,,,
,338,Hilton Worldwide Holdings,"173,000",7 ,"$9,452",6.1%,$881.0 ,15.3%,"$14,957","$18,933",,,,,,,
,339,Univar Solutions,"10,300",14 ,"$9,444",9.4%,-$100.2 ,-158.2%,"$6,495","$1,810",,,,,,,
,340,United Rentals,"19,100",39 ,"$9,351",16.2%,"$1,174.0 ",7.1%,"$18,970","$7,623",,,,,,,
,341,Pioneer Natural Resources,"2,323",-8 ,"$9,304",-1.2%,$756.0 ,-22.7%,"$19,067","$11,625",,,,,,,
,342,Delek US Holdings,"3,707",-35 ,"$9,298",-9.4%,$310.6 ,-8.7%,"$7,016","$1,190",,,,,,,
,343,Eastman Chemical,"14,500",-30 ,"$9,273",-8.6%,$759.0 ,-29.7%,"$16,008","$6,330",,,,,,,
,344,EMCOR Group,"36,000",31 ,"$9,175",12.8%,$325.1 ,14.7%,"$4,830","$3,450",,,,,,,
,345,Avis Budget Group,"25,600",-7 ,"$9,172",0.5%,$302.0 ,83.0%,"$23,126",$967,,,,,,,
,346,J.B. Hunt Transport Services,"29,056",8 ,"$9,165",6.4%,$516.3 ,5.5%,"$5,471","$9,800",,,,,,,
,347,Xerox Holdings,"27,000",-29 ,"$9,145",-7.0%,"$1,353.0 ",274.8%,"$15,047","$4,030",,,,,,,
,348,Wayfair,"16,985",98 ,"$9,127",34.6%,-$984.6 ,-,"$2,953","$5,043",,,,,,,
,349,KKR,"1,384",-,"$9,120",74.6%,"$2,005.0 ",77.3%,"$60,899","$19,913",,,,,,,
,350,AGCO,"20,961",-15 ,"$9,041",-3.3%,$125.2 ,-56.1%,"$7,760","$3,546",,,,,,,
,351,Alleghany,"10,786",86 ,"$9,041",31.3%,$857.8 ,2069.5%,"$26,932","$7,924",,,,,,,
,352,Icahn Enterprises,"28,033",-186 ,"$8,992",-52.6%,"-$1,098.0 ",-172.9%,"$24,639","$10,366",,,,,,,
,353,Voya Financial,"6,000",-10 ,"$8,942",0.1%,-$351.0 ,-140.1%,"$169,051","$5,366",,,,,,,
,354,Ryder System,"39,900",9 ,"$8,926",6.1%,-$24.4 ,-108.9%,"$14,475","$1,381",,,,,,,
,355,Air Products & Chemicals,"17,570",-11 ,"$8,919",-0.1%,"$1,760.0 ",17.5%,"$18,943","$44,050",,,,,,,
,356,Mosaic,"12,600",-31 ,"$8,906",-7.1%,"-$1,067.4 ",-327.1%,"$19,299","$4,098",,,,,,,
,357,Huntington Ingalls Industries,"42,000",14 ,"$8,899",8.8%,$549.0 ,-34.3%,"$7,031","$7,420",,,,,,,
,358,Berry Global Group,"48,000",31 ,"$8,878",12.8%,$404.0 ,-18.5%,"$16,469","$4,463",,,,,,,
,359,Anixter International,"9,400",5 ,"$8,846",5.3%,$262.9 ,68.2%,"$4,809","$2,973",,,,,,,
,360,Alaska Air Group,"24,134",8 ,"$8,781",6.3%,$769.0 ,76.0%,"$12,993","$3,490",,,,,,,
,361,Yum China Holdings,"450,000",1 ,"$8,776",4.3%,$713.0 ,0.7%,"$6,950","$16,033",,,,,,,
,362,Dick's Sporting Goods,"28,450",-3 ,"$8,751",3.7%,$297.5 ,-7.0%,"$6,629","$1,848",,,,,,,
,363,Caesars Entertainment,"64,000",2 ,"$8,742",4.2%,"-$1,195.0 ",-494.4%,"$25,345","$4,612",,,,,,,
,364,Genworth Financial,"3,100",-4 ,"$8,681",3.0%,$343.0 ,188.2%,"$101,342","$1,676",,,,,,,
,365,Targa Resources,"2,680",-63 ,"$8,671",-17.3%,-$209.2 ,-13175.0%,"$18,815","$1,611",,,,,,,
,366,Coty,"19,000",-32 ,"$8,649",-8.0%,"-$3,784.2 ",-,"$17,665","$3,924",,,,,,,
,367,Dana,"36,300",6 ,"$8,620",5.9%,$226.0 ,-47.1%,"$7,220","$1,128",,,,,,,
,368,Thrivent Financial for Lutherans,"3,235",-17 ,"$8,612",-0.3%,$968.1 ,-21.5%,"$102,478",-,,,,,,,
,369,Autoliv,"61,957",-48 ,"$8,548",-12.8%,$461.5 ,142.4%,"$6,771","$4,017",,,,,,,
,370,SpartanNash,"13,800",7 ,"$8,536",5.8%,$5.7 ,-82.9%,"$2,276",$521,,,,,,,
,371,Eversource Energy,"8,234",-13 ,"$8,527",0.9%,$909.1 ,-12.0%,"$41,124","$25,835",,,,,,,
,372,Darden Restaurants,"184,514",4 ,"$8,510",5.3%,$713.4 ,19.7%,"$5,893","$6,580",,,,,,,
,373,Chesapeake Energy,"2,300",-64 ,"$8,489",-17.0%,-$308.0 ,-135.3%,"$16,193",$338,,,,,,,
,374,National Oilwell Varco,"34,645",-17 ,"$8,479",0.3%,"-$6,095.0 ",-,"$13,149","$3,794",,,,,,,
,375,Fidelity National Financial,"23,484",27 ,"$8,469",11.5%,"$1,062.0 ",69.1%,"$10,677","$6,854",,,,,,,
,376,Erie Insurance Group,"5,778",5 ,"$8,443",5.1%,$551.0 ,-19.7%,"$23,347",-,,,,,,,
,377,Oshkosh,"15,400",18 ,"$8,382",8.8%,$579.4 ,22.8%,"$5,566","$4,394",,,,,,,
,378,Casey's General Stores,"26,866",30 ,"$8,365",11.9%,$203.9 ,-35.9%,"$3,731","$4,875",,,,,,,
,379,WESCO International,"9,500",-9 ,"$8,359",2.2%,$223.4 ,-1.7%,"$5,018",$957,,,,,,,
,380,Tractor Supply,"24,000",8 ,"$8,352",5.6%,$562.4 ,5.6%,"$5,289","$9,810",,,,,,,
,381,CommScope Holding,"30,000",-,"$8,345",82.7%,-$929.5 ,-762.9%,"$14,432","$1,779",,,,,,,
,382,Huntsman,"10,000",-106 ,"$8,342",-27.6%,$562.0 ,66.8%,"$8,320","$3,217",,,,,,,
,383,American Financial Group,"7,700",44 ,"$8,237",15.2%,$897.0 ,69.2%,"$70,130","$6,331",,,,,,,
,384,Masco,"22,000",-18 ,"$8,235",-1.5%,$935.0 ,27.4%,"$5,027","$9,118",,,,,,,
,385,Sanmina,"38,500",44 ,"$8,234",15.8%,$141.5 ,-,"$3,906","$1,927",,,,,,,
,386,Amphenol,"74,000",-17 ,"$8,225",0.3%,"$1,155.0 ",-4.1%,"$10,816","$21,726",,,,,,,
,387,Williams,"4,812",-39 ,"$8,201",-5.6%,$850.0 ,-,"$46,040","$17,166",,,,,,,
,388,Westinghouse Air Brake,"27,500",-,"$8,200",87.9%,$326.7 ,10.8%,"$18,944","$9,227",,,,,,,
,389,Expeditors Intl. of Washington,"18,000",-15 ,"$8,175",0.5%,$590.4 ,-4.5%,"$3,692","$11,208",,,,,,,
,390,Andersons,"2,284",-,"$8,170",168.3%,$18.3 ,-55.9%,"$3,901",$629,,,,,,,
,391,Westlake Chemical,"9,430",-39 ,"$8,118",-6.0%,$421.0 ,-57.7%,"$13,261","$4,901",,,,,,,
,392,Constellation Brands,"9,800",11 ,"$8,116",7.0%,"$3,435.9 ",48.2%,"$29,232","$27,601",,,,,,,
,393,Frontier Communications,"18,317",-38 ,"$8,107",-5.9%,"-$5,911.0 ",-,"$17,488",$40,,,,,,,
,394,JetBlue Airways,"19,032",5 ,"$8,094",5.7%,$569.0 ,202.7%,"$11,918","$2,526",,,,,,,
,395,Citizens Financial Group,"17,997",20 ,"$8,066",9.7%,"$1,791.0 ",4.1%,"$165,733","$8,040",,,,,,,
,396,Raymond James Financial,"14,200",11 ,"$8,023",7.3%,"$1,034.0 ",20.7%,"$38,830","$8,803",,,,,,,
,397,Foot Locker,"33,294",-12 ,"$8,005",0.8%,$491.0 ,-9.2%,"$6,589","$2,297",,,,,,,
,398,Hershey,"15,330",-7 ,"$7,986",2.5%,"$1,149.7 ",-2.4%,"$8,140","$27,792",,,,,,,
,399,Zimmer Biomet Holdings,"19,900",-12 ,"$7,982",0.6%,"$1,131.6 ",-,"$24,639","$20,891",,,,,,,
,400,Cincinnati Financial,"5,200",-,"$7,924",46.5%,"$1,997.4 ",595.6%,"$25,408","$12,242",,,,,,,
,401,Western & Southern Financial Group,"2,787",20 ,"$7,921",9.9%,$244.9 ,-50.5%,"$54,703",-,,,,,,,
,402,W.R. Berkley,"7,493",-5 ,"$7,902",2.7%,$681.9 ,6.4%,"$26,643","$9,569",,,,,,,
,403,Motorola Solutions,"17,000",13 ,"$7,887",7.4%,$868.0 ,-10.1%,"$10,642","$22,803",,,,,,,
,404,Thor Industries,"21,750",-37 ,"$7,865",-5.6%,$133.3 ,-69.0%,"$5,660","$2,328",,,,,,,
,405,Regeneron Pharmaceuticals,"8,100",45 ,"$7,863",17.2%,"$2,115.8 ",-13.4%,"$14,805","$53,722",,,,,,,
,406,Spirit AeroSystems Holdings,"18,200",14 ,"$7,863",8.9%,$530.1 ,-14.1%,"$7,606","$2,507",,,,,,,
,407,J.M. Smucker,"7,400",7 ,"$7,838",6.5%,$514.4 ,-61.6%,"$16,711","$12,658",,,,,,,
,408,PPL,"12,280",-16 ,"$7,769",-0.2%,"$1,746.0 ",-4.4%,"$45,680","$18,950",,,,,,,
,409,Insight Enterprises,"11,261",21 ,"$7,731",9.2%,$159.4 ,-2.6%,"$4,178","$1,486",,,,,,,
,410,Quest Diagnostics,"47,000",-6 ,"$7,726",2.6%,$858.0 ,16.6%,"$12,843","$10,716",,,,,,,
,411,KeyCorp,"17,045",2 ,"$7,694",4.1%,"$1,717.0 ",-8.0%,"$144,988","$10,058",,,,,,,
,412,Veritiv,"8,000",-65 ,"$7,659",-11.9%,-$29.5 ,-,"$2,511",$127,,,,,,,
,413,DCP Midstream,"2,250",-93 ,"$7,625",-22.4%,$17.0 ,-94.3%,"$14,127",$848,,,,,,,
,414,American Tower,"5,454",-4 ,"$7,580",1.9%,"$1,887.8 ",52.7%,"$42,802","$96,444",,,,,,,
,415,Graybar Electric,"9,000",8 ,"$7,524",4.5%,$144.5 ,0.8%,"$2,518",-,,,,,,,
,416,WEC Energy Group,"7,509",-18 ,"$7,523",-2.0%,"$1,134.0 ",7.1%,"$34,952","$27,799",,,,,,,
,417,NVR,"5,700",7 ,"$7,428",3.3%,$878.5 ,10.2%,"$3,810","$9,475",,,,,,,
,418,Ulta Beauty,"31,000",31 ,"$7,398",10.1%,$705.9 ,7.2%,"$4,864","$9,894",,,,,,,
,419,Devon Energy,"1,800",-122 ,"$7,372",-31.3%,-$355.0 ,-111.6%,"$13,717","$2,646",,,,,,,
,420,Blackstone Group,"2,905",22 ,"$7,338",7.4%,"$2,049.7 ",32.9%,"$32,586","$30,696",,,,,,,
,421,Dean Foods,"14,500",-28 ,"$7,329",-5.5%,-$499.9 ,-,"$2,229",$10,,,,,,,
,422,Fortive,"25,000",-,"$7,326",1.7%,$738.9 ,-74.6%,"$17,439","$18,567",,,,,,,
,423,UGI,"12,800",-23 ,"$7,320",-4.3%,$256.2 ,-64.4%,"$13,347","$5,562",,,,,,,
,424,Burlington Stores,"47,000",27 ,"$7,286",9.3%,$465.1 ,12.1%,"$5,594","$10,441",,,,,,,
,425,Builders FirstSource,"15,800",-31 ,"$7,280",-5.8%,$221.8 ,8.1%,"$3,250","$1,420",,,,,,,
,426,Toll Brothers,"5,100",2 ,"$7,224",1.1%,$590.0 ,-21.1%,"$10,828","$2,440",,,,,,,
,427,Old Republic International,"9,000",54 ,"$7,214",19.8%,"$1,056.4 ",185.1%,"$21,076","$4,635",,,,,,,
,428,Asbury Automotive Group,"8,500",11 ,"$7,210",4.9%,$184.4 ,9.8%,"$2,911","$1,065",,,,,,,
,429,Arthur J. Gallagher,"33,247",6 ,"$7,195",3.8%,$668.8 ,5.6%,"$19,635","$15,455",,,,,,,
,430,MasTec,"21,000",6 ,"$7,183",4.0%,$392.3 ,51.1%,"$4,997","$2,507",,,,,,,
,431,Owens Corning,"19,000",-,"$7,160",1.5%,$405.0 ,-25.7%,"$10,006","$4,201",,,,,,,
,432,Magellan Health,"10,100",-15 ,"$7,159",-2.1%,$55.9 ,131.2%,"$3,092","$1,188",,,,,,,
,433,Dover,"24,000",-21 ,"$7,136",-3.5%,$677.9 ,18.9%,"$8,670","$12,094",,,,,,,
,434,Beacon Roofing Supply,"8,147",30 ,"$7,105",10.7%,-$10.6 ,-110.8%,"$6,393","$1,138",,,,,,,
,435,Avery Dennison,"30,000",-10 ,"$7,070",-1.2%,$303.6 ,-35.0%,"$5,489","$8,485",,,,,,,
,436,Hanesbrands,"63,000",8 ,"$6,967",2.4%,$600.7 ,11.3%,"$7,354","$2,817",,,,,,,
,437,Packaging Corp. of America,"15,500",-5 ,"$6,964",-0.7%,$696.4 ,-5.6%,"$7,236","$8,236",,,,,,,
,438,M&T Bank,"17,386",24 ,"$6,941",7.5%,"$1,929.1 ",0.6%,"$119,873","$13,441",,,,,,,
,439,NCR,"36,000",26 ,"$6,915",8.0%,$564.0 ,-,"$8,987","$2,287",,,,,,,
,440,Northern Trust,"19,800",13 ,"$6,895",3.5%,"$1,492.2 ",-4.1%,"$136,828","$15,791",,,,,,,
,441,Cintas,"45,000",18 ,"$6,892",6.2%,$885.0 ,5.0%,"$7,437","$18,024",,,,,,,
,442,Polaris,"14,000",34 ,"$6,863",11.3%,$324.0 ,-3.4%,"$4,431","$2,959",,,,,,,
,443,CMS Energy,"8,459",-3 ,"$6,845",-0.4%,$680.0 ,3.5%,"$26,837","$16,697",,,,,,,
,444,Seaboard,"13,100",11 ,"$6,840",3.9%,$283.0 ,-,"$6,285","$3,274",,,,,,,
,445,Intuit,"9,400",37 ,"$6,784",13.7%,"$1,557.0 ",28.6%,"$6,283","$59,913",,,,,,,
,446,Regions Financial,"19,564",1 ,"$6,755",-0.1%,"$1,582.0 ",-10.1%,"$126,240","$8,588",,,,,,,
,447,FM Global,"5,591",-,"$6,743",24.2%,"$2,479.3 ",1436.1%,"$25,054",-,,,,,,,
,448,Advanced Micro Devices,"11,400",12 ,"$6,731",4.0%,$341.0 ,1.2%,"$6,028","$53,250",,,,,,,
,449,Ovintiv,"2,571",-,"$6,726",13.3%,$234.0 ,-78.1%,"$21,487",$702,,,,,,,
,450,Booz Allen Hamilton Holding,"26,100",25 ,"$6,704",8.6%,$418.5 ,37.2%,"$3,832","$9,624",,,,,,,
,451,S&P Global,"22,500",19 ,"$6,699",7.0%,"$2,123.0 ",8.4%,"$11,348","$59,042",,,,,,,
,452,Rockwell Automation,"23,000",-,"$6,695",0.4%,$695.8 ,29.9%,"$6,113","$17,533",,,,,,,
,453,O-I Glass,"27,500",-15 ,"$6,691",-2.7%,-$400.0 ,-255.6%,"$9,610","$1,109",,,,,,,
,454,Wynn Resorts,"30,200",-6 ,"$6,611",-1.6%,$123.0 ,-78.5%,"$13,871","$6,471",,,,,,,
,455,Securian Financial Group,"6,400",-,"$6,601",20.1%,$434.8 ,34.9%,"$63,138",-,,,,,,,
,456,Alliance Data Systems,"8,500",-66 ,"$6,581",-15.5%,$278.0 ,-71.1%,"$26,495","$1,603",,,,,,,
,457,Weyerhaeuser,"9,400",-51 ,"$6,554",-12.3%,-$76.0 ,-110.2%,"$16,406","$12,637",,,,,,,
,457,Brighthouse Financial,"1,330",-115 ,"$6,554",-26.9%,-$740.0 ,-185.5%,"$227,259","$2,540",,,,,,,
,459,Intercontinental Exchange,"5,989",10 ,"$6,547",4.3%,"$1,933.0 ",-2.8%,"$94,493","$44,343",,,,,,,
,460,American Axle & Manufacturing,"20,000",-42 ,"$6,531",-10.2%,-$484.5 ,-,"$6,645",$408,,,,,,,
,461,Hess,"1,775",-,"$6,510",0.7%,-$408.0 ,-,"$21,782","$10,164",,,,,,,
,462,ABM Industries,"140,000",1 ,"$6,499",0.9%,$127.4 ,30.3%,"$3,693","$1,623",,,,,,,
,463,Activision Blizzard,"9,200",-58 ,"$6,489",-13.5%,"$1,503.0 ",-17.1%,"$19,845","$45,753",,,,,,,
,464,GameStop,"30,000",-118 ,"$6,466",-26.9%,-$470.9 ,-,"$2,820",$226,,,,,,,
,465,Apache,"3,163",-54 ,"$6,411",-13.6%,"-$3,553.0 ",-8982.5%,"$18,107","$1,577",,,,,,,
,466,Science Applications International,"24,311",-,"$6,379",36.9%,$226.0 ,65.0%,"$4,711","$4,317",,,,,,,
,467,AK Steel Holding,"9,300",-24 ,"$6,359",-6.7%,$11.2 ,-94.0%,"$4,591",-,,,,,,,
,468,Dillard's,"30,400",-10 ,"$6,343",-2.5%,$111.1 ,-34.8%,"$3,430",$864,,,,,,,
,469,Ralph Lauren,"18,650",4 ,"$6,313",2.1%,$430.9 ,164.7%,"$5,943","$4,928",,,,,,,
,470,Celanese,"7,714",-44 ,"$6,297",-12.0%,$852.0 ,-29.4%,"$9,476","$8,775",,,,,,,
,471,R.R. Donnelley & Sons,"36,400",-26 ,"$6,276",-7.7%,-$93.2 ,-,"$3,330",$68,,,,,,,
,472,Zoetis,"10,600",15 ,"$6,260",7.5%,"$1,500.0 ",5.0%,"$11,545","$55,895",,,,,,,
,473,Ascena Retail Group,"33,000",-16 ,"$6,243",-5.1%,-$661.4 ,-,"$2,700",$14,,,,,,,
,474,Clorox,"8,800",3 ,"$6,214",1.5%,$820.0 ,-0.4%,"$5,116","$21,674",,,,,,,
,475,Ingredion,"11,000",11 ,"$6,209",6.3%,$413.0 ,-6.8%,"$6,040","$5,050",,,,,,,
,476,First American Financial,"18,412",15 ,"$6,202",7.9%,$707.4 ,49.1%,"$11,519","$4,791",,,,,,,
,477,Graphic Packaging Holding,"18,000",3 ,"$6,160",2.3%,$206.8 ,-6.5%,"$7,290","$3,542",,,,,,,
,478,NetApp,"10,500",5 ,"$6,146",4.0%,"$1,169.0 ",1438.2%,"$8,741","$9,221",,,,,,,
,478,HD Supply Holdings,"11,500",1 ,"$6,146",1.6%,$452.0 ,14.7%,"$4,715","$4,605",,,,,,,
,480,TravelCenters of America,"18,594",-47 ,"$6,117",-12.3%,$33.3 ,-,"$3,231",$81,,,,,,,
,481,Olin,"6,500",-47 ,"$6,110",-12.0%,-$11.3 ,-103.4%,"$9,188","$1,842",,,,,,,
,482,Robert Half International,"16,000",8 ,"$6,074",4.7%,$454.4 ,4.6%,"$2,311","$4,346",,,,,,,
,483,EnLink Midstream,"1,355",-87 ,"$6,053",-21.4%,"-$1,119.3 ",-,"$9,336",$537,,,,,,,
,484,Avantor,"12,000",-,"$6,040",3.0%,$37.8 ,-,"$9,773","$7,156",,,,,,,
,485,Tapestry,"17,400",-1 ,"$6,027",2.5%,$643.4 ,61.9%,"$6,877","$3,575",,,,,,,
,486,TD Ameritrade Holding,"9,226",-,"$6,016",10.3%,"$2,208.0 ",49.9%,"$43,786","$18,739",,,,,,,
,487,Analog Devices,"16,400",-15 ,"$5,991",-3.4%,"$1,363.0 ",-8.9%,"$21,393","$33,011",,,,,,,
,488,Ameren,"9,323",-20 ,"$5,910",-6.1%,$828.0 ,1.6%,"$28,933","$17,970",,,,,,,
,489,Williams-Sonoma,"19,300",6 ,"$5,898",4.0%,$356.1 ,6.7%,"$4,054","$3,282",,,,,,,
,490,Realogy Holdings,"10,150",-12 ,"$5,870",-3.4%,-$188.0 ,-237.2%,"$7,543",$347,,,,,,,
,491,Commercial Metals,"11,524",-,"$5,829",17.8%,$198.1 ,43.0%,"$3,759","$1,880",,,,,,,
,492,Rush Enterprises,"7,244",-,"$5,810",5.5%,$141.6 ,1.8%,"$3,407","$1,146",,,,,,,
,493,Franklin Resources,"9,597",-26 ,"$5,775",-8.6%,"$1,195.7 ",56.4%,"$14,532","$8,293",,,,,,,
,494,Fortune Brands Home & Security,"24,700",-,"$5,765",5.1%,$431.9 ,10.9%,"$6,291","$6,042",,,,,,,
,495,Levi Strauss,"15,800",5 ,"$5,763",3.4%,$394.6 ,39.4%,"$4,232","$4,961",,,,,,,
,496,Crown Castle International,"5,100",-,"$5,763",7.3%,$860.0 ,38.3%,"$38,457","$60,179",,,,,,,
,497,Simon Property Group,"3,750",-1 ,"$5,755",1.7%,"$2,101.6 ",-13.9%,"$31,232","$16,835",,,,,,,
,498,Cerner,"27,400",-,"$5,693",6.1%,$529.5 ,-16.0%,"$6,895","$19,164",,,,,,,
,499,Post Holdings,"10,100",-28 ,"$5,681",-9.2%,$124.7 ,-73.3%,"$11,952","$5,732",,,,,,,
,500,Huntington Bancshares,"15,664",-,"$5,655",7.3%,"$1,411.0 ",1.3%,"$109,002","$8,399",,,,,,,
,,,,,,,,,,,,,,,,,